name,composer
26-2,John Coltrane
500 Miles High,Chick Corea
502 Blues,Jimmy Rowles
52nd Street Theme,Thelonious Monk
9.20 Special,Earl Warren
A Ballad,Gerry Mulligan
A Beautiful Friendship,Donald Kahn
A Blossom Fell,Barnes-Cornelius
A Certain Smile,Fain-Webster
A Child Is Born,Thad Jones
A Felicidade,Antonio-Carlos Jobim
A Fine Romance,Jerome Kern
A Flower Is A Lovesome Thing,Billy Strayhorn
A Foggy Day,George Gershwin
A Ghost Of A Chance,Victor Young
A Kiss To Build A Dream On,Kalmar-Ruby-Hammerstein
A Little Tear,Deodato-Valle
A Lovely Way To Spend An Evening,Jimmy McHugh
A Night In Tunisia,Dizzy Gillespie
A Nightingale Sang In Berkeley Square,Manning Sherwin
A Pretty Girl Is Like A Melody,Irving Berlin
A Sleepin' Bee,Harold Arlen
A Smooth One,Benny Goodman
A Sound For Sore Ears,Jimmy Heath
A Sunday Kind Of Love,Belle-Prima-Leonard-Rhodes
A Taste Of Honey,Marlow-Scott
A Time For Love,Johnny Mandel
A Tisket A Tasket,Traditional
A Weaver Of Dreams,Victor Young
A Wonderful Day Like Today,Bricusse-Newley
Ablution,Lennie Tristano
Ac-Cent-Tchu-Ate The Positive,Harold Arlen
Across The Alley From The Alamo,Joe Greene
Adam's Apple,Wayne Shorter
Affirmation,José Feliciano
African Queen, The,Horace Silver
Afro Blue,Mongo Santamaria
Afro Centric,Joe Henderson
After You,Cole Porter
After You've Gone,Henry Creamer
Afternoon In Paris,John Lewis
Again,Lionel Newman
Agua De Beber,Antonio-Carlos Jobim
Ahmid-6,Pat Metheny
Ain't Misbehavin',Fats Waller
Ain't She Sweet,Milton Ager
Airegin,Sonny Rollins
Airmail Special,Charlie Christian
Aisha,McCoy Tyner
Alexander's Ragtime Band,Irving Berlin
Alfie,Burt Bacharach
Alfie's Theme,Sonny Rollins
Alice In Wonderland,Sammy Fain
All About Ronnie,Joe Greene
All Alone,Irving Berlin
All Blues,Miles Davis
All By Myself,Irving Berlin
All God's Chillun Got Rhythm,Kahn-Kaper
All My Tomorrows,Jimmy Van-Heusen
All Of A Sudden My Heart Sings,Herpin-Jamblan-Rome
All Of Me,Gerald Marks
All Of You,Cole Porter
All Or Nothing At All,Arthur Altman
All The Things You Are,Jerome Kern
All The Way,Jimmy Van-Heusen
All Through The Day,Kern-Hammerstein
All Through The Night,Cole Porter
All Too Soon,Duke Ellington
Almost Like Being In Love,Frederick Loewe
Alone Together,Arthur Schwartz
Alone Too Long,Arthur Schwartz
Along Came Betty,Benny Golson
Always,Irving Berlin
Always And Forever,Pat Metheny
Am I Blue?,Harry Akst
Among My Souvenirs,Horatio Nicholls
Ana Maria,Wayne Shorter
And On The Third Day,Michael Gibbs
And The Angels Sing,Ziggy Elman
Angel Eyes,Matt Dennis
Anthropology,Charlie Parker
Anything Goes,Cole Porter
April,Lennie Tristano
April In Paris,Vernon Duke
April Joy,Pat Metheny
April Skies,Buddy Collette
Aren't You Glad You're You,Jimmy Van-Heusen
Armando's Rhumba,Chick Corea
As Long As I Live,Harold Arlen
As Time Goes By,Herman Hupfeld
Ask Me Now,Thelonious Monk
At Last,Harry Warren
At Long Last Love,Cole Porter
Au Privave,Charlie Parker
Autumn In New York,Vernon Duke
Autumn Leaves,Joseph Kosma
Autumn Nocturne,Gannon-Myrow
Avalon,Jolson-Sylva-Rose
Ba-lue Bolivar Ba-lues-are,Thelonious Monk
Backstage Sally,Wayne Shorter
Bags and Trane,Milt Jackson
Bags' Groove,Milt Jackson
Balance, The,Dave Holland
Ballade,Charlie Parker
Baltimore Oriole,Hoagy Carmichael
Barbados,Charlie Parker
Barbara,Horace Silver
Bark For Barksdale,Gerry Mulligan
Basin Street Blues,Spencer Williams
Bat, The,Pat Metheny
Baubles, Bangles and Beads,Borodin-Wright-Forrest
Be Careful It's My Heart,Irving Berlin
Be My Love,Nikolaus Brodszky
Be-Bop,Dizzy Gillespie
Beatrice,Sam Rivers
Beautiful Love,Victor Young
Beauty And The Beast,Wayne Shorter
Begin The Beguine,Cole Porter
Bein' Green,Joe Raposo
Bemsha Swing,Thelonious Monk
Benny's Tune,Lionel Loueke
Bernie's Tune,Bernie Miller
Besame Mucho,Consuelo Velazques
Bess You Is My Woman,George Gershwin
Bessie's Blues,John Coltrane
Best Is Yet To Come (Page 1), The,Cy Coleman
Best Is Yet To Come (Page 2), The,Cy Coleman
Best Thing For You Is Me, The,Irving Berlin
Best Things In Life Are Free, The,DeSylva-Brown-Henderson
Better Days Ahead,Pat Metheny
Better Git It In Your Soul,Charles Mingus
Better Than Anything,Loughborough-Wheat
Between The Devil And The Deep Blue Sea,Harold Arlen
Bewitched,Richard Rodgers
Beyond The Blue Horizon,Whiting-Harding
Beyond The Sea,Charles Trenet
Bidin' My Time,George Gershwin
Bill Bailey,Traditional
Bill's Hit Tune,Bill Evans
Billie's Bounce,Charlie Parker
Billy Boy,Traditional
Birk's Works,Dizzy Gillespie
Birth Of The Blues, The,Ray Henderson
Black And Blue,Fats Waller
Black And Tan Fantasy,Ellington-Miley
Black Coffee,Burke-Webster
Black Narcissus,Joe Henderson
Black Nile,Wayne Shorter
Blackberry Winter,Alec Wilder
Blame It On My Youth,Oscar Levant
Blood Count,Billy Strayhorn
Bloomdido,Charlie Parker
Blue (And Broken Hearted),Leslie-Handman-Clarke
Blue And Sentimental,Livingstone-David-Basie
Blue Bossa,Kenny Dorham
Blue Champagne,Watts-Ryerson-Eaton
Blue Daniel,Frank Rosolino
Blue In Green,Miles Davis, Bill Evans
Blue Lou,Irving Mills
Blue Monk,Thelonious Monk
Blue Moon,Richard Rodgers
Blue Room, The,Richard Rodgers
Blue Silver,Horace Silver
Blue Skies,Irving Berlin
Blue Sphere,Thelonious Monk
Blue Turning Grey Over You,Fats Waller
Blueberry Hill,Lewis-Stock-Rose
Bluehawk,Thelonious Monk
Blues Five Spot,Thelonious Monk
Blues For Alice,Charlie Parker
Blues For Wood,Woody Shaw
Blues In The Closet,Oscar Pettiford
Blues In The Night,Harold Arlen
Blues March,Benny Golson
Bluesette,Toots Thielemans
Body And Soul,Johnny Green
Bohemia After Dark,Oscar Pettiford
Bolivia,Cedar Walton
Boo Boo's Birthday,Thelonious Monk
Booker's Waltz,Booker Little
Boplicity,Cleo Henry
Born To Be Blue,Wells-Torme
Bossa Antigua,Paul Desmond
Bouncin' With Bud,Bud Powell
Bourbon Street Parade,Paul Barbarin
Boy Next Door, The,Martin-Blane
Brazil (Aquarela Do Brasil),Ary Barroso
Brazilian Like,Michel Petrucciani
Brazilian Suite,Michel Petrucciani
Breeze And I, The,Ernesto Lecuona
Bright Boy,John Bright
Bright Mississippi,Thelonious Monk
Bright Size Life,Pat Metheny
Brilliant Corners,Thelonious Monk
Broadway,William-Henri-Woode
Brother Can You Spare A Dime,Yarburg-Gorney
Brotherhood Of Man,Frank Loesser
Bud Powell,Chick Corea
Budo,Davis-Powell
Bunko,Lennie Niehaus
But Beautiful,Jimmy Van-Heusen
But Not For Me,George Gershwin
Butch And Butch,Oliver Nelson
Butterfly,Herbie Hancock
Butterfly Dreams,Stanley Clarke
By Myself,Arthur Schwartz
Bye Bye Baby,Jule Styne
Bye Bye Blackbird,Ray Henderson
Bye Bye Blues,Hamm-Bennett-Lown-Gray
Bye-Ya,Thelonious Monk
C-Jam Blues,Duke Ellington
C.T.A.,Jimmy Heath
C'est Si Bon,Henri Betti
Cabin in the Sky,Vernon Duke
Call Me,Tony Hatch
Call Me Irresponsible,Jimmy Van-Heusen
Can't Help Lovin' Dat Man,Jerome Kern
Can't We Be Friends,Swift-James
Candy,David-Whitney-Kramer
Cantaloupe Island,Herbie Hancock
Captain Marvel,Chick Corea
Caravan,Duke Ellington
Catch Me,Joe Pass
Celia,Bud Powell
Central Park West,John Coltrane
Ceora,Lee Morgan
Chameleon,Herbie Hancock
Change Partners,Irving Berlin
Charleston, The,James Johnson
Chase, The,Dexter Gordon
Chasin' The Trane,John Coltrane
Cheek To Cheek,Irving Berlin
Cheers,Howard McGhee
Cheese Cake,Dexter Gordon
Cheetah,Kenny Burrell
Chega De Saudade (No More Blues),Antonio-Carlos Jobim
Chelsea Bridge,Billy Strayhorn
Cherokee,Ray Noble
Cheryl,Charlie Parker
Chicago,Fred Fisher
Chicken, The,Pee-Wee Ellis
Chucho,Paquito D'Rivera
Close Enough For Love,Mandel-Williams
Close Your Eyes,Bernice Petkere
Come Back To Me,Alan Lerner, Burton Lane
Come Fly With Me,Jimmy Van-Heusen
Come Rain Or Come Shine,Harold Arlen
Come Sunday,Duke Ellington
Comes Love,Brown-Stept-Tobias
Comrade Conrad,Bill Evans
Con Alma,Dizzy Gillespie
Conception,George Shearing
Conference Of The Birds,Dave Holland
Confessin' (That I Love You),Daugherty-Neiberg-Reynolds
Confirmation,Charlie Parker
Contemplation,McCoy Tyner
Continuum,Jaco Pastorius
Cool One, The,Benny Golson
Copenhagen,Davis-Melrose
Coral,Keith Jarrett
Corcovado,Antonio-Carlos Jobim
Core, The,Freddie Hubbard
Cottage For Sale,Willard Robison
Cottontail,Duke Ellington
Could It Be You,Cole Porter
Countdown,John Coltrane
Country,Keith Jarrett
Cousin Mary,John Coltrane
Crazy He Calls Me,Carl Sigman
Crazy Rhythm,Wolfe-Kahn-Meyer
Creole Love Call,Duke Ellington
Crepuscule With Nellie,Thelonious Monk
Crisis,Freddie Hubbard
Criss Cross,Thelonious Monk
Crosscurrent,Lennie Tristano
Cry Me A River,Arthur Hamilton
Crystal Silence,Chick Corea
Cute,Neal Hefti
Cyclic Episode,Sam Rivers
Cynthia's In Love,Owens-White-Gish
Daahoud,Clifford Brown
Dance Of The Infidels,Bud Powell
Dancing In The Dark,Arthur Schwartz
Dancing On The Ceiling,Richard Rodgers
Danny Boy,Traditional
Darn That Dream,Jimmy Van-Heusen
Dat Dere,Bobby Timmons
Day By Day,Cahn-Stordahl-Weston
Day Dream,Strayhorn-Ellington
Day Dreaming,Jerome Kern
Day In, Day Out,Rube Bloom
Daybreak,Adamson-Grofe
Days And Nights Waiting,Keith Jarrett
Days Of Wine And Roses,Henry Mancini
Dear Lord,John Coltrane
Dear Old Stockholm,Traditional
Dearly Beloved,Jerome Kern
Decision,Sonny Rollins
Dedicated To You,Cahn-Chaplin-Zaret
Deed I Do,Hirsch-Rose
Deep Purple,Peter De-Rose
Del Sasser,Sam Jones
Deluge,Wayne Shorter
Desafinado,Antonio-Carlos Jobim
Desafinado (Original),Antonio-Carlos Jobim
Detour Ahead,Herb Ellis
Devil May Care,Dorough-Kirk
Dewey Square,Charlie Parker
Dexterity,Charlie Parker
Diane,Rapee-pollack
Dienda,Kenny Kirkland
Dig,Miles Davis
Dinah,Harry Akst
Dindi,Antonio-Carlos Jobim
Diverse,Charlie Parker
Django,John Lewis
Do Nothin' Til You Hear From Me,Duke Ellington
Do You Know What It Means?,Louis Alter
Dolores,Wayne Shorter
Dolphin Dance,Herbie Hancock
Dolphin, The,Luiz Eca
Domingo,Benny Golson
Don't Be That Way,Edgar Sampson
Don't Blame Me,Jimmy McHugh
Don't Explain,Billie Holiday
Don't Fence Me In,Cole Porter
Don't Get Around Much Anymore,Duke Ellington
Don't Go To Strangers,Kent-Mason-Evans
Don't Know Why,Jesse Harris
Don't Misunderstand,Gordon Parks
Don't Take Your Love From Me,Henry Nemo
Don't Worry 'Bout Me,Rube Bloom
Donna Lee,Charlie Parker
Down By The Riverside,Traditional
Down For Double,Freddie Green
Down In The Depths,Cole Porter
Doxy,Sonny Rollins
Dream,Johnny Mercer
Dream A Little Dream Of Me,Schwendt-Andre-Kahn
Dream Dancing,Cole Porter
Dreamsville,Henry Mancini
Driftin',Herbie Hancock
Duke, The,Dave Brubeck
E.S.P.,Wayne Shorter
Early Autumn,Burns-Herman
East Of The Sun,Brooks Bowman
Easy Living,Ralph Rainger
Easy Street,Alan Jones
Easy To Love,Cole Porter
Ecaroh,Horace Silver
Eclypso,Tommy Flanagan
Eiderdown,Steve Swallow
Eighty One,Ron Carter
El Cajon,Johnny Mandel
El Gaucho,Wayne Shorter
Elora,J.J. Johnson
Embraceable You,George Gershwin
Emily,Johnny Mandel
End Of A Love Affair, The,Edward Redding
Epilogue,Bill Evans
Epistrophy,Thelonious Monk, Kenny Clarke
Equinox,John Coltrane
Eronel,Thelonious Monk
Estate,Bruno Martino
Eternal Triangle,Sonny Stitt
Ev'ry Time We Say Goodbye,Cole Porter
Everybody's Song But My Own,Kenny Wheeler
Everything Happens To Me,Matt Dennis
Everything I Have Is Yours,Burton Lane
Everything I Love,Cole Porter
Everything I've Got Belongs To You,Rodgers-Hart
Evidence,Thelonious Monk
Exactly Like You,Jimmy McHugh
Eye of the Hurricane,Herbie Hancock
Fall,Wayne Shorter
Falling Grace,Steve Swallow
Falling In Love Again,Frederick Hollander
Falling In Love With Love,Richard Rodgers
Fantasy in D (or Ugetsu),Cedar Walton
Farmer's Trust,Pat Metheny
Fascinating Rhythm,George Gershwin
Fascination,Fernando-Dante Marchetti
Favela,Antonio-Carlos Jobim
Fee-Fi-Fo-Fum,Wayne Shorter
Feel Like Makin' Love,Eugene McDaniels
Feels So Good,Chuck Mangione
Fever,Davenport-Cooley
Fine And Dandy,Kay Swift
Fine And Mellow,Billie Holiday
Five Brothers,Gerry Mulligan
Flamingo,Ted Grouya
Flintstones,Hoyt Curtain
Fly Me To The Moon,Bart Howard
Flying Home,Goodman-Hampton
Folks Who Live On The Hill, The,Jerome Kern
Fools Rush In,Rube Bloom
Footprints,Wayne Shorter
For All We Know,Fred Coots
For Heaven's Sake,Edwards-Meyer-Bretton
For Jan,Kenny Wheeler
For Minors Only,Jimmy Heath
For Once In My Life,Orlando Murden
For Sentimental Reasons,William Best
For You, For Me, For Evermore,George Gershwin
Forest Flower,Charles Lloyd
Forever Sonny,Jimmy Heath
Four,Miles Davis
Four Brothers,Jimmy Giuffre
Four In One,Thelonious Monk
Four On Six,Wes Montgomery
Freckle Face,Sammy Nestico
Freddie Freeloader,Miles Davis
Freight Train,Tommy Flanagan
Frenesi,Alberto Dominguez
Friday The 13th,Thelonious Monk
Frim Fram Sauce, The,Joe Richardel
From This Moment On,Cole Porter
Full House,Wes Montgomery
Funk In Deep Freeze,Hank Mobley
Funkallero,Bill Evans
Gallop's Gallop,Thelonious Monk
Gary's Notebook,Lee Morgan
Gee Baby, Ain't I Good To You,Don Redman
Gentle Rain, The,Luiz Bonfa
Gentle Wind And Falling Tear,Gary Burton
Georgia On My Mind,Hoagy Carmichael
Get Happy,Harold Arlen
Get Me To The Church On Time,Alan Lerner
Get Out Of Town,Cole Porter
Giant Steps,John Coltrane
Girl From Ipanema, The,Antonio-Carlos Jobim
Girl Talk,Neal Hefti
Give Me The Simple Life,Rube Bloom
Glad To Be Unhappy,Rodgers-Hart
Gloria's Step,Scott LaFaro
Glory Of Love, The,Billy Hill
God Bless The Child,Herzog-Holiday
Godchild,George Wallington
Golden Earring,Jay Livingston
Gone With The Wind,Allie Wrubel
Good Bait,Tadd Dameron
Good Life, The,Sacha Distel
Good Morning Heartache,Drake-Fisher-Higginbotham
Goodbye,Gordon Jenkins
Goodbye Pork Pie Hat,Charles Mingus
Got A Match?,Chick Corea
Grand Central,John Coltrane
Gravy Waltz, The,Ray Brown
Green Chimneys,Thelonious Monk
Gregory Is Here,Horace Silver
Groovin' High,Dizzy Gillespie
Hackensack,Thelonious Monk
Half Nelson,Miles Davis
Hallelujah I Just Love Him So,Ray Charles
Hallucinations,Bud Powell
Happiness Is A Thing Called Joe,Harold Arlen
Happy Little Sunbeam,Russ Freeman
Harlequin,Wayne Shorter
Haunted Heart,Arthur Schwartz
Have You Met Miss Jones?,Richard Rodgers
He's A Tramp,Lee-Burke
Heart And Soul,Hoagy Carmichael
Heatwave,Irving Berlin
Hello,Milt Jackson
Hello Dolly,Jerry Herman
Hello Young Lovers,Richard Rogers
Here's That Rainy Day,Jimmy Van-Heusen
Here's That Sunny Day,Barney Kessel
Here's To Life,Artie Butler
Heyoke,Kenny Wheeler
High Fly,Randy Weston
High Hopes,Jimmy Van-Heusen
Hocus-Pocus,Lee Morgan
Home At Last,Hank Mobley
Home Cookin',Horace Silver
Homecoming,Dave Holland
Honeysuckle Rose,Fats Waller
Horace-Scope,Horace Silver
Hot House,Tadd Dameron
House Of Jade,Wayne Shorter
How About You,Burton Lane
How Are Things In Glocca Morra,Burton Lane
How Deep Is The Ocean,Irving Berlin
How High The Moon,Morgan Lewis
How Insensitive,Antonio-Carlos Jobim
How Little We Know,Hoagy Carmichael
How Long Has This Been Going On?,George Gershwin
How My Heart Sings,Earl Zindars
Humpty Dumpty,Chick Corea
Hungaria,Django Reinhardt
I Ain't Got Nobody,Graham-Williams
I Believe In You,Frank Loesser
I Can't Believe...You're In Love...,Jimmy McHugh
I Can't Get Started,Vernon Duke
I Can't Give You Anything But Love,Jimmy McHugh
I Concentrate On You,Cole Porter
I Could Have Danced All Night,Frederick Loewe
I Could Write A Book,Richard Rodgers
I Cover The Waterfront,Johnny Green
I Cried For You,Freed-Arnheim-Lyman
I Didn't Know About You,Duke Ellington
I Didn't Know What Time It Was,Richard Rodgers
I Don't Know Enough About You,Peggy Lee
I Don't Want To Miss Mississippi,Serger Ellis
I Fall In Love Too Easily,Jule Styne
I Found A New Baby,Palmer-Williams
I Get A Kick Out Of You,Cole Porter
I Get Along Without You,Hoagy Carmichael
I Got It Bad,Duke Ellington
I Got Rhythm,George Gershwin
I Got The Sun In The Morning,Irving Berlin
I Gotta Right To Sing The Blues,Harold Arlen
I Guess I'll Hang My Tears Out To Dry,Jule Styne
I Guess I'll Have To Change My Plan,Arthur Schwartz
I Hadn't Anyone Till You,Ray Noble
I Have Dreamed,Rodgers-Hammerstein
I Hear A Rhapsody,Fragos-Baker-Gasparre
I Hear Music,Burton Lane
I Left My Heart In San Francisco,George Cory
I Let A Song Go Out Of My Heart,Duke Ellington
I Like The Likes Of You,Vernon Duke
I Love Being Here With You,Bill Schluger, Peggy Lee
I Love Paris,Cole Porter
I Love You,Cole Porter
I Loves You Porgy,George Gershwin
I May Be Wrong,Henry Sullivan
I Mean You,Thelonious Monk
I Only Have Eyes For You,Harry Warren
I Remember Clifford,Benny Golson
I Remember You,Victor Schertzinger
I See Your Face Before Me,Arthur Schwartz
I Should Care,Cahn-Stordahl-Weston
I Surrender Dear,Harry Barris
I Think Of You,Elliot-Marcotte
I Thought About You,Jimmy Van-Heusen
I Used To Be Color Blind,Irving Berlin
I Want To Be Happy,Vincent Youmans
I Want To Talk About You,Billy Eckstine
I Was Doing All Right,George Gershwin
I Will Wait For You,Michel Legrand
I Wish I Knew,Harry Warren
I Wish I Knew How It Would Feel To Be Free,Billy Taylor
I Wish I Were In Love Again,Richard Rodgers
I Wish You Love,Charles Trenet
I Won't Dance,Jerome Kern
I'll Be Around,Alec Wilder
I'll Be Seeing You,Sammy Fain
I'll Close My Eyes,Reid-Kaye
I'll Get By (As Long As I Have You),Ahlert-Turk
I'll Never Be The Same,Khan-Malneck-Signorelli
I'll Only Miss Her When I Think Of Her,Cahn-VanHeusen
I'll Remember April,Raye-DePaul
I'll See You In My Dreams,Jones-Kahn
I'll Take Romance,Ben Oakland
I'm A Fool To Want You,Herron-Sinatra-Wolf
I'm All Smiles,Leonard-Martin
I'm Always Chasing Rainbows,Harry Carroll
I'm Beginning To See The Light,Hodges-James-Ellington
I'm Confessin' That I Love You,Reynolds-Daugherty
I'm Getting Sentimental Over You,George Bassman
I'm Glad There Is You,Jimmy Dorsey
I'm Gonna Sit Right Down and Write Myself A Letter,Fred Ahlert
I'm In The Mood For Love,Jimmy McHugh
I'm Just A Lucky So-And-So,Duke Ellington
I'm Old Fashioned,Jerome Kern
I'm Putting All My Eggs In One Basket,Irving Berlin
I'm Sitting On Top Of The World,Louis-Henderson-Young
I'm Through With Love,Kahn-Malneck-Livingston
I've Found A New Baby,Palmer-Williams
I've Got A Crush On You,George Gershwin
I've Got My Love To Keep Me Warm,Irving Berlin
I've Got The World On A String,Harold Arlen
I've Got You Under My Skin,Cole Porter
I've Grown Accustomed To Her Face,Frederick Loewe
I've Heard That Song Before,Jule Styne
I've Never Been In Love Before,Frank Loesser
I've Told Eve'ry Little Star,Jerome Kern
Idle Moments,Grant Green
If Ever I Would Leave You,Frederick Loewe
If I Could Be With You,James Johnson
If I Didn't Care,Jack Lawrence
If I Had You,Campbell-Connelly-Shapiro
If I Loved You,Richard Rodgers
If I Ruled The World,Leslie Bricusse
If I Should Lose You,Ralph Rainger
If I Were A Bell,Frank Loesser
If There Is Someone Lovelier,Dietz-Schwartz
If You Could See Me Now,Tadd Dameron
If You Ever Should Leave,Cahn-Chaplin
If You Never Come To Me,Antonio-Carlos Jobim
Ill Wind,Harold Arlen
Imagination,Jimmy Van-Heusen
Impressions,John Coltrane
In A Little Spanish Town,Wayne-Lewis-Young
In A Mellow Tone (In A Mellotone),Duke Ellington
In a Sentimental Mood,Duke Ellington
In A Shanty In Old Shanty Town,Little-Siras
In Her Family,Pat Metheny
In Love In Vain,Leo Robin Jerome Kern
In Pursuit Of The 27th Man,Horace Silver
In The Cool, Cool, Cool Of The Evening,Hoagy Carmichael
In The Middle Of A Kiss,Sam Coslow
In The Still Of The Night,Cole Porter
In The Wee Small Hours Of The Morning,Mann-Hilliard
In Walked Bud,Thelonious Monk
In Your Own Sweet Way,Dave Brubeck
Incentive,Horace Silver
Indian Summer,Victor-Aldubin-Herbert
Indiana (Back Home Again In),James Hanley
Infant Eyes,Wayne Shorter
Inner Urge,Joe Henderson
Interplay,Bill Evans
Invitation,Bronislau Kaper
Iris,Wayne Shorter
Irresistable You,Gene DePaul
Is That So?,Duke Pearson
Is You Is Or Is You Ain't (Ma' Baby),Austin-Jordan
Isfahan,Strayhorn-Ellington
Island Birdie,McCoy Tyner
Isn't It A Lovely Day (To Be Caught In The Rain),Irving Berlin
Isn't It A Pity,George Gershwin
Isn't It Romantic?,Richard Rodgers
Isotope,Joe Henderson
Israel,John Carisi
It Ain't Necessarily So,George Gershwin
It Could Happen To You,Jimmy Van-Heusen
It Don't Mean A Thing,Duke Ellington
It Had To Be You,Isham Jones
It Might As Well Be Spring,Richard Rodgers
It Never Entered My Mind,Richard Rodgers
It Only Happens When I Dance With You,Irving Berlin
It Was So Good While It Lasted,Poll-Ackers
It's A Big Wide Wonderful World,John Rox
It's A Blue World,Wright-Forrest
It's A Dance,Michel Petrucciani
It's A Good Day,Peggy Lee
It's A Lovely Day Today,Irving Berlin
It's A Raggy Waltz,Dave Brubeck
It's All Right With Me,Cole Porter
It's Been A Long Long Time,Jule Styne
It's De-lovely,Cole Porter
It's Easy To Remember,Richard Rodgers
It's Impossible,Armando Manzanero
It's Just Talk,Pat Metheny
It's Magic,Jule Styne
It's Only a Paper Moon,Harold Arlen
It's The Talk Of The Town,Jerry Livingston
It's You Or No One,Jule Styne
Jackie-ing,Thelonious Monk
Jaco,Pat Metheny
James,Pat Metheny
Jazz Folk,John Abercrombie
Je Ne Sais Pas,Hampton-Jones
Jeannie's Song,Marchel Ivery
Jeannine,Duke Pearson
Jeepers Creepers,Harry Warren
Jersey Bounce,Plater-Bradshaw-Johnson
Jinrikisha,Joe Henderson
Jitterbug Waltz,Fats Waller
Jody Grind, The,Horace Silver
Joker, The,Lee Morgan
Jordu,Duke Jordan
Joshua,Victor Feldman
Joy Spring,Clifford Brown
Juju,Wayne Shorter
Jumpin With Symphony Sid,Lester Young
Just A Gigolo,Leonello Casucci
Just A-Sittin' And A-Rockin,Ellington-Strayhorn-Gaines
Just Friends,John Klenner
Just In Time,Jule Styne
Just In Tune,John Abercrombie
Just One More Chance,Johnston-Coslow
Just One Of Those Things,Cole Porter
Just Squeeze Me,Duke Ellington
Just You, Just Me,Jesse Greer
Kary's Trance,Lee Konitz
Katrina Ballerina,Woody Shaw
Keepin' Myself For You,Vincent Youmans
Kicker, The,Joe Henderson
Kids Are Pretty People,Thad Jones
Killer Joe,Benny Golson
Ko Ko,Charlie Parker
L-O-V-E,Gabler-Kaempfert
La Fiesta,Chick Corea
La Vie En Rose,Louiguy-Piaf
Ladies In Mercedes,Steve Swallow
Lady Bird,Tadd Dameron
Lady is a Tramp, The,Richard Rodgers
Lady's In Love With You, The,Burton Lane
Lakes,Pat Metheny
Lament,J.J. Johnson
Lamp Is Low, The,DeRose-Shefter
Last Night When We Were Young,Harold Arlen
Last Time I Saw Paris, The,Henry Mancini
Last Train Home,Pat Metheny
Laura,David Raksin
Laurie,Bill Evans
Lazy Afternoon,Latouche-Moross
Lazy Bird,John Coltrane
Lazy River,Hoagy Carmichael
Lazybones,Carmichael-Mercer
Leaving,Richie Beirach
Leila,Wes Montgomery
Lennie-Bird,Lennie Tristano
Lennie's Pennies,Lennie Tristano
Let There Be Love,Rand-Grant
Let There Be You,Young-Cavanaugh
Let's Call The Whole Thing Off,George Gershwin
Let's Call This,Thelonious Monk
Let's Cool One,Thelonious Monk
Let's Do It (Let's Fall In Love),Cole Porter
Let's Face The Music And Dance,Irving Berlin
Let's Fall In Love,Harold Arlen
Let's Get Away From It All,Dennis-Adair
Let's Get Lost,Jimmy McHugh
Li'l Darling,Neal Hefti
Light Blue,Thelonious Monk
Ligia,Antonio-Carlos Jobim
Like A Lover,Dori Caymmi-Nelson Motta
Like Someone In Love,Jimmy Van-Heusen
Like Sonny,John Coltrane
Lily of The Valley,Traditional
Limbo,Wayne Shorter
Limehouse Blues,Braham-Furber
Line For Lyons,Gerry Mulligan
Linger Awhile,Vincent Rose
Litha,Chick Corea
Little B's Poem,Bobby Hutcherson
Little Boat (O Barquinho),Roberto Menescal
Little Chicago Fire,Frank Foster
Little Dancer,Tom Harrell
Little Girl Blue,Richard Rodgers
Little Niles,Randy Weston
Little Peace In C For You,Michel Petrucciani
Little Rootie Tootie,Thelonious Monk
Little Sunflower,Freddie Hubbard
Little Waltz,Ron Carter
Little Willie Leaps,Charlie Parker
Liza,George Gershwin
Locomotion,John Coltrane
Lone Jack (Page 1),Pat Metheny
Lone Jack (Page 2,Solos),Pat Metheny
Lonely Dreams,Terry Gibbs
Lonesome Road, The,Austin-Shilkret
Long Ago And Far Away,Jerome Kern
Lonnie's Lament,John Coltrane
Look For The Silver Lining,Jerome Kern
Look Of Love, The,Burt Bacharach
Look To The Rainbow,Burton Lane
Look To The Sky,Antonio-Carlos Jobim
Looking Up,Michel Petrucciani
Loop, The,Chick Corea
Lotus Blossom,Billy Strayhorn
Lotus Eaters Bittersweet,Billy Strayhorn
Love For Sale,Cole Porter
Love Is Just Around The Corner,Lewis Gensler
Love Me Or Leave Me,Walter Donaldson
Love Nest, The,Louis Hirsch
Love Vibrations,Horace Silver
Love Walked In,George Gershwin
Lover,Richard Rodgers
Lover Man,Davis-Ramirez-Sherman
Lover, Come Back To Me,Sigmund Romberg
Lucky Southern,Keith Jarrett
Lullaby In Rhythm,Goodman-Hirsch
Lullaby Of Birdland,George Shearing
Lullaby Of The Leaves,Bernice Petkere
Lulu's Back In Town,Harry Warren
Lush Life,Billy Strayhorn
Lyresto,Kenny Burrell
Ma Belle Hélène,Kenny Wheeler
Mack The Knife,Weill-Brecht
Mahjong,Wayne Shorter
Maiden Voyage,Herbie Hancock
Make Someone Happy,Jule Styne
Making Whoopee,Walter Donaldson
Mambo Inn,Bauza-Sampson-Woodlen
Man I Love, The,George Gershwin
Man That Got Away, The,Harold Arlen
Manha De Carnaval (Black Orpheus),Luiz Bonfa
Manhattan,Richard Rodgers
Manoir De Mes Rêves (Django's Castle),Django Reinhardt
Manteca,Dizzy Gillespie
Mas Que Nada,Jorge Ben
Masquerade Is Over, The,Allie Wrubel
Maybe I Should Change My Ways,Duke Ellington
Maybe September,Percy Faith
Maze, The,Herbie Hancock
Mc Jolt,Richie Beirach
Mean To Me,Turk-Ahlert
Meaning Of The Blues, The,Worth-Troup
Meditation,Antonio-Carlos Jobim
Memories Of Tomorrow,Keith Jarrett
Memories Of You,Eubie Blake
Mercy Mercy Mercy,Joe Zawinul
Midnight Blue,Kenny Burrell
Midnight Mood,Joe Zawinul
Midnight Sun,Hampton-Burke-Mercer
Milano,John Lewis
Miles Ahead,Miles Davis
Milestones (New),Miles Davis
Milestones (Old),Miles Davis
Mimi,Richard Rogers
Mimosa,George Benson
Minoat,Mal Waldron
Minor Mishap,Tommy Flanagan
Minor Mood,Clifford Brown
Minor Strain,Bobby Timmons
Minority,Gigi Gryce
Mirror, Mirror,Corea Chick
Misterioso,Thelonious Monk
Misty,Erroll Garner
Miyako,Wayne Shorter
Moanin',Bobby Timmons
Moment's Notice,John Coltrane
Moments To Remember,Robert Allen
Mona Lisa,Livingston-Evans
Monk's Dream,Thelonious Monk
Monk's Mood,Thelonious Monk
Mood Indigo,Duke Ellington
Moon Alley,Tom Harrell
Moon And Sand,Wilder-Palitz
Moon Mist,Ellington-Mercer
Moon Rays,Horace Silver
Moon River,Henry Mancini
Moonchild,Keith Jarrett
Moondance,Van Morrison
Moonglow,Hudson-Lange-Mills
Moonlight Becomes You,Jimmy Van-Heusen
Moonlight In Vermont,Karl Suessdorf
Moonlight Saving Time,Irving Kahal
Moonlight Serenade,Miller-Parish
Moontrane, The,Woody Shaw
Moose The Mooche,Charlie Parker
More I See You, The,Harry Warren
More Than You Know,Vincent Youmans
Morgan The Pirate,Lee Morgan
Morning,Clare Fischer
Moten Swing,Bennie Moten
Mountain Greenery,Richard Rodgers
Move,Denzil Best
Mr. P.C.,John Coltrane
My Baby Just Cares For Me,Walter Donaldson
My Buddy,Walter Donaldson
My Favorite Things,Richard Rodgers
My Foolish Heart,Victor Young
My Funny Valentine,Richard Rodgers
My Heart Belongs To Daddy,Cole Porter
My Heart Stood Still,Richard Rodgers
My Ideal,Richard Whiting
My Last Affair,Haven Johnson
My Little Brown Book,Billy Strayhorn
My Little Suede Shoes,Charlie Parker
My Lucky Star,DeSylva-Brown-Henderson
My Man's Gone Now,George Gershwin
My Melancholy Baby,Burnett-Norton
My Old Flame,Johnson-Coslow
My One And Only Love,Wood-Mellin
My Romance,Richard Rodgers
My Secret Love,Roger Vogel
My Shining Hour,Harold Arlen
My Ship,Kurt Weill
My Song,Keith Jarrett
My Way,Revaux-Francois-Thibaud-Anka
Nacada,Pat Metheny
Naima,John Coltrane
Nancy (With The Laughing Face),Jimmy Van-Heusen
Nardis,Miles Davis
Nascimento,Barry Harris
Nature Boy,Eden Ahbez
Nearness Of You, The,Hoagy Carmichael
Nefertiti,Wayne Shorter
Never Let Me Go,Jay Livingston
Never Will I Marry,Frank Loesser
Nevertheless,Kalmar-Ruby
New Picture,Jimmy Heath
New York, New York,John Kander
Nica's Dream,Horace Silver
Nice 'n Easy,Spence-Bergman-Keith
Nice Work If You Can Get It,George Gershwin
Nicolette,Kenny Wheeler
Night And Day,Cole Porter
Night Dreamer,Wayne Shorter
Night Has A Thousand Eyes, The,Jerry-Brainin
Night We Called It A Day, The,Matt Dennis
No Moe,Sonny Rollins
No Moon At All,David Mann
No Splice,Lee Konitz
Nobody Else But Me,Jerome Kern
Nostalgia In Times Square,Charles Mingus
Nothing Personal,Don Grolnick
Now's The Time,Charlie Parker
Nuages,Django Reinhardt
Nutty,Thelonious Monk
Nutville,Horace Silver
O Grande Amor,Antonio-Carlos Jobim
Odd Couple, The,Neal Hefti
Off Minor,Thelonious Monk
Oh, Lady Be Good,George Gershwin
Oh, What A Beautiful Mornin',Richard Rodgers
Oh! Look At Me Now,DeVries-Bushkin
Ol' Man River,Jerome Kern
Old Cape Cod,Rothrock-Vakus-Jeffrey
Old Country, The,Adderley-Lewis
Old Devil Moon,Burton Lane
Old Folks,Willard Robison
Oleo,Sonny Rollins
Oliloqui Valley,Herbie Hancock
On A Clear Day,Burton Lane
On A Slow Boat To China,Frank Loesser
On Broadway,Mann-Weil-Stoller-Leiber
On Green Dolphin Street,Bronislau Kaper
On The Street Where You Live,Frederick Loewe
On The Sunny Side Of The Street,Jimmy McHugh
On The Trail,Ferde Grofe
Once I Loved,Antonio-Carlos Jobim
Once In A While,Michael Edwards
Once Upon A Summertime (La Valse Des Lilas),Legrand-Barclay-Marnay-Mercer
One By One,Wayne Shorter
One Finger Snap,Herbie Hancock
One Foot In The Gutter,Clark Terry
One For My Baby,Harold Arlen
One I Love (Belongs To Somebody Else), The,Isham Jones
One Morning In May,Hoagy Carmichael
One Note Samba,Antonio-Carlos Jobim
Only Trust Your Heart,Benny Carter
Onmo,Kenny Wheeler
Opener, The,Bill Evans
Opus De Funk,Horace Silver
Orange Colored Sky,DeLugg-Stein
Ornithology,Charlie Parker
Our Delight,Tad Dameron
Our Love is Here to Stay,George Gershwin
Out Of Nowhere,Johnny Green
Out Of This World,Harold Arlen
Over The Rainbow (Somewhere),Harold Arlen
P.S. I Love You,Gordon Jenkins
Palo Alto,Lee Konitz
Pannonica,Thelonious Monk
Paper Doll,Johnny Black
Parisian Thoroughfare,Bud Powell
Parker's Mood,Charlie Parker
Party's Over, The,Styne-Comden-Green
Passion Dance,McCoy Tyner
Passion Flower,Billy Strayhorn
Passport,Charlie Parker
Peace,Horace Silver
Peacocks, The,Jimmy Rowles
Pee Wee,Tony Williams
Peel Me A Grape,Dave Frishberg
Pennies From Heaven,Arthur Johnston
Pensativa,Clare Fischer
Pent Up House,Sonny Rollins
Penthouse Serenade,Jason-Burton
People,Jule Styne
People Will Say We're In Love,Richard Rodgers
Perdido,Juan Tizol
Perhaps,Charlie Parker
Perhaps, Perhaps, Perhaps,Farres-Davis
Peri's Scope,Bill Evans
Petit Fleur,Sidney Bechet
Pfrancing (No Blues),Miles Davis
Phase Dance,Pat Metheny
Pick Yourself Up,Jerome Kern
Ping Pong,Wayne Shorter
Pink Panther, The,Henry Mancini
Pinocchio,Wayne Shorter
Played Twice,Thelonious Monk
Poinciana,Nat Simon
Polkadots And Moonbeams,Jimmy Van-Heusen
Poor Butterfly,Raymon Hubbell
Popsicle Toes,Michael Franks
Portrait Of Jennie,Burdge-Robinson
Preacher, The,Horace Silver
Prelude To A Kiss,Duke Ellington
Pretend,Douglas-Parman-Lavere
Prism,Keith Jarrett
Progression,Lee Konitz
Punjab,Joe Henderson
Pure Imagination,Anthony Newley
Put On A Happy Face,Charles Strouse
Puttin' On The Ritz,Irvin Berlin
Quasimodo (Blowing Changes),Charlie Parker
Quasimodo (Theme),Charlie Parker
Questar,Keith Jarrett
Question And Answer,Pat Metheny
Quiet Now,Denny Zeitlin
Radio,Steve Swallow
Rainbow Connection, The,Williams-Ascher
Raincheck,Billy Strayhorn
Re: Person I Knew,Bill Evans
Recado Bossa Nova,Djalma Ferreira
Recordame,Joe Henderson
Red Clay,Freddie Hubbard
Red Top,Lionel Hampton
Reflections,Thelonious Monk
Relaxin' At Camarillo,Charlie Parker
Remember,Irving Berlin
Rhythm-a-ning,Thelonious Monk
Road Song,Wes Montgomery
Robbin's Nest,Thompson-Jacquet
Rockin' Chair,Hoagy Carmichael
Room 608,Horace Silver
Rose Room,Art Hickman
Rosetta,Earl Hines
Round Midnight,Thelonious Monk
Route 66,Bobby Troup
Ruby, My Dear,Thelonious Monk
S.O.S.,Wes Montgomery
S' Wonderful,George Gershwin
S'posin',Paul Denniker
Saga Of Harrison Crabfeathers, The,Steve Kuhn
Sail Away,Tom Harrell
Salt Peanuts,Dizzy Gillespie
Samba De Orfeu,Luiz Bonfa
San Francisco Holiday,Thelonious Monk
Sandu,Clifford Brown
Satellite,John Coltrane
Satin Doll,Strayhorn-Ellington
Save Your Love For Me,Buddy Johnson
Say It (Over And Over Again),Frank Loesser
Say the Brother's Name,Pat Metheny
Scene,Tom Harrell
Scotch And Soda,Dave Guard
Scrapple From The Apple,Charlie Parker
Sea Journey,Chick Corea
Second Star To The Right, The,Sammy Fain
Second Time Around, The,Jimmy Van-Heusen
Secret Love,Sammy Fain
Segment,Charlie Parker
Sentimental Journey,Brown-Green-Homer
September In The Rain,Harry Warren
September Song,Kurt Weill
Serenade To A Cuckoo,Roland Kirk
Serenade To A Soul Sister,Horace Silver
Serene,Eric Dolphy
Serenity,Joe Henderson
Serpent's Tooth,Miles Davis
Seven Come Eleven,Goodman-Christian
Seven Steps To Heaven,Victor Feldman
Shadow Of Your Smile, The,Johnny Mandel
Shaw 'Nuff,Charlie Parker
She's Funny That Way,Charles Daniels
Shine,Dabney-Mack-Brown
Shiny Stockings,Frank Foster
Shutterbug,J.J. Johnson
Si Si,Charlie Parker
Sid's Delight,Tadd Dameron
Sidewinder,Lee Morgan
Silver's Serenade,Horace Silver
Simone,Frank Foster
Since I Fell For You,Buddy Johnson
Sippin' At Bells,Miles Davis
Sister Sadie,Horace Silver
Skating In Central Park,John Lewis
Skippy,Thelonious Monk
Skylark,Hoagy Carmichael
Skyliner,Charlie Barnet
Slipped Disc,Benny Goodman
Slow Hot Wind,Henry Mancini
Smile,Charles Chaplin
Smoke Gets In Your Eyes,Jerome Kern
Smoke Rings,Gifford-Washington
Sno' Peas,Phil Markowitz
Só Danço Samba,Antonio-Carlos Jobim
So In Love,Cole Porter
So Many Stars,Sergio Mendez
So Nice (Summer Samba),Marco Valles
So Tender,Keith Jarrett
So What,Miles Davis
Softly, As In A Morning Sunrise,Sigmund Romberg
Solar,Miles Davis
Solitude,Duke Ellington
Some Enchanted Evening,Richard Rodgers
Some Other Blues,John Coltrane
Some Other Spring,Herzog-Kitchings
Some Other Time,Leonard Bernstein
Somebody Loves Me,George Gershwin
Someday (You'll Be Sorry),Louis Armstrong
Someday My Prince Will Come,Frank Churchill
Someday You'll Be Sorry,Louis Armstrong
Someone To Watch Over Me,George Gershwin
Sometime Ago,Sergio Mikanovich
Sometimes I'm Happy,Vincent Youmans
Somewhere,Leonard Bernstein
Song For My Father,Horace Silver
Song For My Lady,McCoy Tyner
Song Is You, The,Jerome Kern
Sonnymoon For Two,Sonny Rollins
Soon,George Gershwin
Sophisticated Lady,Duke Ellington
Sorcerer, The,Herbie Hancock
Soul Eyes,Mal Waldron
Soultrane,Tadd Dameron
Sound Lee,Lee Konitz
Souvenir,Benny Carter
Spain,Chick Corea
Speak Like A Child,Herbie Hancock
Speak Low,Kurt Weill
Speak No Evil,Wayne Shorter
Spiral,John Coltrane
Spring Can Really Hang You Up The Most,Tommy Wolf
Spring Is Here,Richard Rodgers
St. James Infirmary,Joe Primrose
St. Louis Blues,W.C. Handy
St. Thomas,Sonny Rollins
Stablemates,Benny Golson
Stairway To The Stars,Matt Maineck
Star Dust,Hoagy Carmichael
Star Eyes,Gene DePaul
Star-Crossed Lovers, The,Strayhorn-Ellington
Stars Fell On Alabama,Frank Perkins
Stella By Starlight,Victor Young
Stolen Moments,Oliver Nelson
Stompin' At The Savoy,Webb-Goodman-Sampson
Stormy Weather,Harold Arlen
Straight Life,Freddie Hubbard
Straight No Chaser,Thelonious Monk
Straight Street,John Coltrane
Straighten Up And Fly Right,Cole-Mills
Strangers In The Night,Bert Kaempfert
Strayhorn 2,Gerry Mulligan
Street Of Dreams,Victor Young
Strike Up The Band,George Gershwin
Strode Rode,Sonny Rollins
Strollin',Horace Silver
Struttin' With Some Barbecue,Lillian Armstrong
Subconscious Lee,Lee Konitz
Suddenly It's Spring,Jimmy Van-Heusen
Sugar,Stanley Turrentine
Summer Band Camp,Mick Goodrick
Summer In Central Park,Horace Silver
Summer Knows, The,Michel Legrand
Summer Serenade,Benny Carter
Summer Wind, The,Meyer-Mercer
Summertime,George Gershwin
Sun down,Wes Montgomery
Sunny,Bobby Hebb
Sunshower,Kenny Barron
Surrey With The Fringe On The Top,Richard Rodgers
Sway,Ruiz-Gimbel
Sweeping Up,Steve Swallow
Sweet And Lovely,Arnheim-Daniels-Tobias
Sweet Georgia Bright,Charles Lloyd
Sweet Georgia Brown,Pinkard-Casey-Bernie
Sweet Lorraine,Cliff Burwell
Sweet Sue, Just You,Harris-Young
Sweetest Sounds, The,Richard Rodgers
Swinging At The Haven,Ellis Marsalis
Swinging Shepherd Blues, The,Koffman-Roberts-Jacobson
Tadd's Delight,Tadd Dameron
Take Five,Paul Desmond
Take The A Train,Billy Strayhorn
Taking A Chance On Love,Vernon Duke
Tangerine,Victor Schertzinger
Tautology,Lee Konitz
Tea For Two,Vincent Youmans
Teach Me Tonight,Gene DePaul
Tell me a bedtime story,Herbie Hancock
Tempus Fugit,Bud Powell
Tenderly,Walter Gross
Tenor Madness,Sonny Rollins
Thanks For The Memory,Leo Robin
That Old Black Magic,Harold Arlen
That Old Devil Called Love,Doris Fisher
That Old Feeling,Brown-Fain
That's All,Haymes-Brandt
That's Life,Kay-Gordon
Thelonious,Thelonious Monk
Them There Eyes,Tracy-Tauber-Pinkard
Theme, The,Miles Davis
There Is No Greater Love,Isham Jones
There Will Never Be Another You,Harry Warren
There'll Be Some Changes Made,Benton Overstreet
There's A Lull In My Life,Harry Revel
There's A Small Hotel,Richard Rodgers
There's No You,Hal Hopper
These Foolish Things,Strachey-Link
They All Laughed,George Gershwin
They Can't Take That Away From Me,George Gershwin
They Didn't Believe Me,Jerome Kern
They Say,Heyman-Mann-Weiss
They Say It's Wonderful,Irving Berlin
Things Ain't What They Used To Be,Duke Ellington
Things We Did Last Summer, The,Cahn-Styne
Think Of One,Thelonious Monk
This Can't Be Love,Richard Rodgers
This Could Be The Start Of Something Good,Steve Allen
This I Dig Of You,Hank Mobley
This Is All I Ask,Gordon Jenkins
This Is New,Kurt Weill
This Masquerade,Leon Russell
This Time The Dream's On Me,Harold Arlen
This Year's Kisses,Irving Berlin
Thou Swell,Richard Rodgers
Three Little Words,Harry Ruby
Thrill Is Gone, The,Ray Henderson
Thriving From A Riff,Charlie Parker
Tickle-Toe,Lester Young
Till There Was You,Meredith Wilson
Time After Time,Jule Styne
Time On My Hands,Vincent Youmans
Time Remembered,Bill Evans
Tin Tin Deo,Dizzy Gillespie
Tiny Capers,Clifford Brown
Tippin',Horace Silver
Tis Autumn,Henry Nemo
Tokyo Blues,Horace Silver
Tones For Joan's Bones,Chick Corea
Tonight,Bernstein-Sondheim
Tonight I Shall Sleep,Ellington-Mercer
Tonight You Belong To Me,Rose-David
Too Close For Comfort,Bock-Weiss-Holofcener
Too Marvelous For Words,Richard Whiting
Too Young,Lippman-Dee
Too Young To Go Steady,Jimmy McHugh
Touch Of Your Lips, The,Ray Noble
Tour De Force,Dizzy Gillespie
Toy Tune,Wayne Shorter
Toys,Herbie Hancock
Training,Michel Petrucciani
Trane’s Blues,John Coltrane
Travels,Pat Metheny
Tricotism,Oscar Pettiford
Trinkle Tinkle,Thelonious Monk
Triste,Antonio-Carlos Jobim
Troubled Waters,Arthur Johnston
Try A Little Tenderness,Harry Woods
Tune Up,Miles Davis
Turn Out The Stars,Bill Evans
Turnaround,Ornette Coleman
Twisted,Wardell Gray
Twisted Blues,Wes Montgomery
Two For The Road,Henry Mancini
Two Not One,Lennie Tristano
Two Sleepy People,Hoagy Carmichael
Ugly Beauty,Thelonious Monk
Undecided,Charlie Shavers
Under A Blanket Of Blue,Jerry Livingston
Unforgettable,Gordon Irving
Unit Seven,Sam Jones
United,Wayne Shorter
Unity Village,Pat Metheny
Unrequited,Brad Mehldau
Up Jumped Spring,Freddie Hubbard
Up With The Lark,Jerome Kern
Upper Manhattan Medical Group,Billy Strayhorn
Valse Hot,Sonny Rollins
Very Early,Bill Evans
Very Thought Of You, The,Ray Noble
Violets For Your Furs,Adair-Dennis
Virgo,Wayne Shorter
Voyage,Kenny Barron
Wait Till You See Her,Richard Rodgers
Walk Tall,Cannonball Adderley
Walkin',Miles Davis
Walkin' My Baby Back Home,Ahlert-Turk
Walkin' Shoes,Gerry Mulligan
Walkin' up,Bill Evans
Waltz For Debby,Bill Evans
Warm Valley,Duke Ellington
Watch What Happens,Michel Legrand
Watermelon Man,Herbie Hancock
Wave,Antonio-Carlos Jobim
Way You Look Tonight, The,Jerome Kern
Wayne's Thang,Kenny Garrett
We See,Thelonious Monk
We Will Meet Again,Bill Evans
We'll Be Together Again,Carl Fisher
Webb City,Bud Powell
Well You Needn't,Thelonious Monk
Wendy,Paul Desmond
West Coast Blues,Wes Montgomery
What A Difference A Day Made,Maria Grever
What A Little Moonlight Can Do,Harry Woods
What A Wonderful World,Weiss-Thiele
What Are You Doing New Years,Frank Loesser
What Are You Doing The Rest Of Your Life?,Michel Legrand
What Is This Thing Called Love,Cole Porter
What'll I Do,Irving Berlin
What's New,Bob Haggard
When I Fall In Love,Victor Young
When It Rains,Brad Mehldau
When It's Sleepy Time Down South,Traditional
When Lights Are Low,Benny Carter
When Sunny Gets Blue,Marvin Fisher
When The Saints Go Marching In,Traditional
When The Sun Comes Out,Harold Arlen
When You Wish Upon A Star,Leigh Harline
When You're Smilin',Shay,Fisher,Goodwin
Where Are You?,Jimmy McHugh
Where Or When,Richard Rodgers
While We're Young,Wilder-Palitz
Whisper Not,Benny Golson
Who Can I Turn To,Newley-Bricusse
Who Cares,George Gershwin
Who's Sorry Now?,Snyder-Kalmar-Ruby
Why Do I Love You?,Jerome Kern
Why Don't You Do Right?,Kansas-Joe McCoy
Wild Flower,Wayne Shorter
Will You Still Be Mine?,Matt Dennis
Willow Weep For Me,Ann Ronell
Windows,Chick Corea
Witch Hunt,Wayne Shorter
Witchcraft,Cy Coleman
With A Song In My Heart,Richard Rodgers
With The Wind And The Rain In Hair,Clare Edwards
Without A Song,Vincent Youmans
Wives And Lovers,Burt Bacharach
Woody'n You,Dizzy Gillespie
Work Song,Nat Adderley
Worth The Wait,Peter Erskine
Wouldn't It Be Loverly,Frederick Loewe
Wow,Lennie Tristano
Wrap Your Troubles In Dreams,Harry Barris
Yardbird Suite,Charlie Parker
Yes And No,Wayne Shorter
Yesterday's Gardenias,Robertson Mysels
Yesterdays,Jerome Kern
You And The Night And The Music,Arthur Schwartz
You Are Too Beautiful,Richard Rodgers
You Better Go Now,Reichner-Graham
You Better Leave it Alone,Clifford Jordan
You Brought A New Kind Of Love,Fain-Kaval-Norman
You Can Depend On Me,Carpenter-Dunlap-Hines
You Do Something To Me,Cole Porter
You Don't Know What Love Is,Raye-DePaul
You Go To My Head,Fred Coots
You Keep Coming Back Like A Song,Irving Berlin
You Made Me Love You,James Monaco
You Make Me Feel So Young,Josef Myrow
You Must Believe In Spring,Michel Legrand
You Stepped Out Of A Dream,Nacio-Herb-Brown
You Took Advantage Of Me,Richard Rodgers
You Turned The Tables on Me,Louis Alter
You Won't Forget Me,Goell-Spielman
You'd Be So Nice To Come Home To,Cole Porter
You're Blasé,Ord Hamilton
You're Everything,Chick Corea
You're Laughing At Me,Irving Berlin
You're My Everything,Harry Warren
You're My Thrill,Jay Gorney
You're Nobody Till Somebody Loves You,Morgan-Stock-Cavanaugh
You're The Top,Cole Porter
You've Changed,Carl Fisher
Young And Foolish,Albert Hague
Young At Heart,Johnny Richards
Zing Went The Strings Of My Heart,James Hanley
Zingaro (Retrato Em Branco E Preto),Antonio-Carlos Jobim
Zoltan,Woody Shaw
